{
  "test1": {
    "Real": {
      "mean_hf_power": 11.610401122915832,
      "std_hf_power": 0.0032712938142617737,
      "n": 8
    },
    "ProGAN": {
      "mean_hf_power": 11.60865110921656,
      "std_hf_power": 0.003470172969591469,
      "n": 8
    },
    "SD_v1.5": {
      "mean_hf_power": 11.60953262670964,
      "std_hf_power": 0.0032821809912872394,
      "n": 8
    },
    "Wukong": {
      "mean_hf_power": 11.61074991052164,
      "std_hf_power": 0.0018675965548904513,
      "n": 8
    },
    "ratio_ProGAN_vs_Real": 0.9998492710390245,
    "PASS": false
  },
  "test2": {
    "t400": {
      "sd_mean": 11.730071100332548,
      "real_mean": 11.729962476166993,
      "z_score": 0.01629263985020418,
      "t_stat": 0.025681480626171364,
      "p_value": 0.979873870136628,
      "PASS": "False"
    },
    "t600": {
      "sd_mean": 11.777909772146078,
      "real_mean": 11.778947029125689,
      "z_score": -0.05459182866519229,
      "t_stat": -0.10067971060320607,
      "p_value": 0.921232338658826,
      "PASS": "False"
    },
    "drift_g5_reference_zscore": 0.0013,
    "PASS": false
  },
  "test3": {
    "mean_accuracy": 0.06666666666666667,
    "std_accuracy": 0.13333333333333333,
    "fold_accuracies": [
      0.0,
      0.0,
      0.0,
      0.0,
      0.3333333333333333
    ],
    "drift_baseline": 0.84,
    "confusion_matrix": [
      [
        1,
        5,
        1,
        1
      ],
      [
        4,
        0,
        4,
        0
      ],
      [
        2,
        3,
        1,
        2
      ],
      [
        4,
        3,
        1,
        0
      ]
    ],
    "PASS": false
  },
  "test4": {
    "PASS": true,
    "n_categories": 4,
    "n_timesteps": 5
  }
}