{
  "categories": [
    "ProGAN",
    "Real",
    "SD_v1.5",
    "Wukong"
  ],
  "spaces": [
    "x0",
    "res_200",
    "res_400",
    "res_600",
    "res_800",
    "res_999"
  ],
  "auc_table": {
    "A_directional__x0": {
      "auc": 0.519,
      "std": 0.08452218643646175
    },
    "A_directional__res_200": {
      "auc": 0.501,
      "std": 0.1079536937765448
    },
    "A_directional__res_400": {
      "auc": 0.502,
      "std": 0.11893695809125104
    },
    "A_directional__res_600": {
      "auc": 0.42699999999999994,
      "std": 0.16497272501841026
    },
    "A_directional__res_800": {
      "auc": 0.43599999999999994,
      "std": 0.14430523206037957
    },
    "A_directional__res_999": {
      "auc": 0.45999999999999996,
      "std": 0.13479614237803692
    },
    "B_peak__x0": {
      "auc": 0.514,
      "std": 0.08095677859203643
    },
    "B_peak__res_200": {
      "auc": 0.5,
      "std": 0.03316624790355396
    },
    "B_peak__res_400": {
      "auc": 0.441,
      "std": 0.08912911982062875
    },
    "B_peak__res_600": {
      "auc": 0.562,
      "std": 0.1305603308819337
    },
    "B_peak__res_800": {
      "auc": 0.4959999999999999,
      "std": 0.05842944463196616
    },
    "B_peak__res_999": {
      "auc": 0.40099999999999997,
      "std": 0.1313544822227243
    },
    "C_nnf__x0": {
      "auc": 0.48200000000000004,
      "std": 0.09341306118525393
    },
    "C_nnf__res_200": {
      "auc": 0.5,
      "std": 0.0
    },
    "C_nnf__res_400": {
      "auc": 0.5,
      "std": 0.0
    },
    "C_nnf__res_600": {
      "auc": 0.5,
      "std": 0.0
    },
    "C_nnf__res_800": {
      "auc": 0.5,
      "std": 0.0
    },
    "C_nnf__res_999": {
      "auc": 0.5,
      "std": 0.0
    }
  },
  "best": {
    "key": "B_peak__res_600",
    "auc": 0.562
  },
  "notes": {
    "A_directional": "4-dir energy + anisotropy ratios on x0 and residuals",
    "B_peak": "stride-2/4/8 periodic spot peak/bg ratio on 2D FFT",
    "C_nnf": "Gaussian-blur noise residual PSD+dir+autocorr on x0 only"
  }
}