{
  "test1": {
    "Real": {
      "mean_hf_power": 11.608522169219373,
      "std_hf_power": 0.0025042241538605486,
      "n": 8
    },
    "ProGAN": {
      "mean_hf_power": 11.60827539202492,
      "std_hf_power": 0.003670950382759226,
      "n": 8
    },
    "SD_v1.5": {
      "mean_hf_power": 11.608135781516452,
      "std_hf_power": 0.0023778720331748345,
      "n": 8
    },
    "Wukong": {
      "mean_hf_power": 11.60816341964429,
      "std_hf_power": 0.004228273682003729,
      "n": 8
    },
    "ratio_ProGAN_vs_Real": 0.9999787408603228,
    "PASS": false
  },
  "test2": {
    "t400": {
      "sd_mean": 11.726545714528799,
      "real_mean": 11.726669823412802,
      "z_score": -0.020607630658633587,
      "t_stat": -0.0398994125049434,
      "p_value": 0.9687367289364754,
      "PASS": "False"
    },
    "t600": {
      "sd_mean": 11.785277377349285,
      "real_mean": 11.784544590902879,
      "z_score": 0.029633230004098288,
      "t_stat": 0.05617031213483063,
      "p_value": 0.9559999084467271,
      "PASS": "False"
    },
    "drift_g5_reference_zscore": 0.0013,
    "PASS": false
  },
  "test3": {
    "mean_accuracy": 0.12380952380952379,
    "std_accuracy": 0.0628138378965377,
    "fold_accuracies": [
      0.14285714285714285,
      0.14285714285714285,
      0.0,
      0.16666666666666666,
      0.16666666666666666
    ],
    "drift_baseline": 0.84,
    "confusion_matrix": [
      [
        2,
        3,
        3,
        0
      ],
      [
        1,
        0,
        4,
        3
      ],
      [
        2,
        3,
        0,
        3
      ],
      [
        0,
        4,
        2,
        2
      ]
    ],
    "PASS": false
  },
  "test4": {
    "PASS": true,
    "n_categories": 4,
    "n_timesteps": 5
  }
}